,index,Command,Check,Page,SAD,ADD,DATA,MSB,LSB,Comment
0,0,WR-Reg, CHECK: O, PAGE: 0, SAD: 6C, ADD: FE, DATA: 00,,,
1,1,WR-Reg, CHECK: O, PAGE: 0, SAD: 6C, ADD: 01, DATA: 01,,,
2,2,WR-Reg, CHECK: O, PAGE: 0, SAD: 6C, ADD: 00, DATA: 01,,,
3,3,WR-Reg, CHECK: O, PAGE: 0, SAD: 6C, ADD: 03, DATA: 61,,,
4,4,WR-Reg, CHECK: O, PAGE: 0, SAD: 6C, ADD: 09, DATA: C3,,,
5,5,WR-Reg, CHECK: O, PAGE: 0, SAD: 6C, ADD: 0A, DATA: 01,,,
6,6,WR-Reg, CHECK: O, PAGE: 0, SAD: 6C, ADD: 0B, DATA: 31,,,
7,7,WR-Reg, CHECK: O, PAGE: 0, SAD: 6C, ADD: 0C, DATA: 33,,,
8,8,WR-Reg, CHECK: O, PAGE: 0, SAD: 6C, ADD: 14, DATA: 7D,,,
9,9,WR-Reg, CHECK: O, PAGE: 0, SAD: 6C, ADD: 15, DATA: 1D,,,
10,10,WR-Reg, CHECK: O, PAGE: 0, SAD: 6C, ADD: 16, DATA: F5,,,
11,11,WR-Reg, CHECK: O, PAGE: 0, SAD: 6C, ADD: 18, DATA: 83,,,
12,12,WR-Reg, CHECK: O, PAGE: 0, SAD: 6C, ADD: 19, DATA: 01,,,
13,13,WR-Reg, CHECK: O, PAGE: 0, SAD: 6C, ADD: 1A, DATA: 0F,,,
14,14,WR-Reg, CHECK: O, PAGE: 0, SAD: 6C, ADD: 1B, DATA: 04,,,
15,15,WR-Reg, CHECK: O, PAGE: 0, SAD: 6C, ADD: 1C, DATA: 06,,,
16,16,WR-Reg, CHECK: O, PAGE: 0, SAD: 6C, ADD: 1D, DATA: 44,,,
17,17,WR-Reg, CHECK: O, PAGE: 0, SAD: 6C, ADD: 24, DATA: 2C,,,
18,18,WR-Reg, CHECK: O, PAGE: 0, SAD: 6C, ADD: 25, DATA: B0,,,
19,19,WR-Reg, CHECK: O, PAGE: 0, SAD: 6C, ADD: 26, DATA: 2C,,,
20,20,WR-Reg, CHECK: O, PAGE: 0, SAD: 6C, ADD: 27, DATA: A0,,,
21,21,WR-Reg, CHECK: O, PAGE: 0, SAD: 6C, ADD: 28, DATA: 03,,,
22,22,WR-Reg, CHECK: O, PAGE: 0, SAD: 6C, ADD: 29, DATA: 63,,,
23,23,WR-Reg, CHECK: O, PAGE: 0, SAD: 6C, ADD: 2A, DATA: 03,,,
24,24,WR-Reg, CHECK: O, PAGE: 0, SAD: 6C, ADD: 2B, DATA: 63,,,
25,25,WR-Reg, CHECK: O, PAGE: 0, SAD: 6C, ADD: 2C, DATA: 01,,,
26,26,WR-Reg, CHECK: O, PAGE: 0, SAD: 6C, ADD: 2D, DATA: 61,,,
27,27,WR-Reg, CHECK: O, PAGE: 0, SAD: 6C, ADD: 2E, DATA: 02,,,
28,28,WR-Reg, CHECK: O, PAGE: 0, SAD: 6C, ADD: 2F, DATA: 05,,,
29,29,WR-Reg, CHECK: O, PAGE: 0, SAD: 6C, ADD: 35, DATA: 81,,,
30,30,WR-Reg, CHECK: O, PAGE: 0, SAD: 6C, ADD: 30, DATA: 01,,,
31,31,WR-Reg, CHECK: O, PAGE: 0, SAD: 6C, ADD: 50, DATA: 0B,,,
32,32,WR-Reg, CHECK: O, PAGE: 0, SAD: 6C, ADD: 61, DATA: BA,,,
33,33,WR-Reg, CHECK: O, PAGE: 0, SAD: 6C, ADD: 62, DATA: 00,,,
34,34,WR-Reg, CHECK: O, PAGE: 0, SAD: 6C, ADD: 6C, DATA: BC,,,
35,35,WR-Reg, CHECK: O, PAGE: 0, SAD: 6C, ADD: 6D, DATA: 02,,,
36,36,WR-Reg, CHECK: O, PAGE: 0, SAD: 6C, ADD: 6E, DATA: BC,,,
37,37,WR-Reg, CHECK: O, PAGE: 0, SAD: 6C, ADD: 6F, DATA: 02,,,
38,38,WR-Reg, CHECK: O, PAGE: 0, SAD: 6C, ADD: 9C, DATA: 60,,,
39,39,WR-Reg, CHECK: O, PAGE: 0, SAD: 6C, ADD: B7, DATA: 27,,,
40,40,WR-Reg, CHECK: O, PAGE: 0, SAD: 6C, ADD: CF, DATA: 12,,,
41,41,WR-Reg, CHECK: O, PAGE: 0, SAD: 6C, ADD: F5, DATA: 05,,,
42,42,WR-Reg, CHECK: O, PAGE: 0, SAD: 6C, ADD: FF, DATA: F0,,,
43,43,WR-Reg, CHECK: O, PAGE: 0, SAD: 6C, ADD: FE, DATA: 01,,,
44,44,WR-Reg, CHECK: O, PAGE: 0, SAD: 6C, ADD: 0C, DATA: 01,,,
45,45,WR-Reg, CHECK: O, PAGE: 0, SAD: 6C, ADD: 12, DATA: 03,,,
46,46,WR-Reg, CHECK: O, PAGE: 0, SAD: 6C, ADD: 13, DATA: 03,,,
47,47,WR-Reg, CHECK: O, PAGE: 0, SAD: 6C, ADD: 40, DATA: 01,,,
48,48,WR-Reg, CHECK: O, PAGE: 0, SAD: 6C, ADD: 41, DATA: 13,,,
49,49,WR-Reg, CHECK: O, PAGE: 0, SAD: 6C, ADD: 42, DATA: 5F,,,
50,50,WR-Reg, CHECK: O, PAGE: 0, SAD: 6C, ADD: 43, DATA: 4B,,,
51,51,WR-Reg, CHECK: O, PAGE: 0, SAD: 6C, ADD: 44, DATA: 26,,,
52,52,WR-Reg, CHECK: O, PAGE: 0, SAD: 6C, ADD: 45, DATA: 27,,,
53,53,WR-Reg, CHECK: O, PAGE: 0, SAD: 6C, ADD: 46, DATA: 21,,,
54,54,WR-Reg, CHECK: O, PAGE: 0, SAD: 6C, ADD: 47, DATA: E4,,,
55,55,WR-Reg, CHECK: O, PAGE: 0, SAD: 6C, ADD: 48, DATA: FA,,,
56,56,WR-Reg, CHECK: O, PAGE: 0, SAD: 6C, ADD: 49, DATA: 07,,,
57,57,WR-Reg, CHECK: O, PAGE: 0, SAD: 6C, ADD: 4A, DATA: 96,,,
58,58,WR-Reg, CHECK: O, PAGE: 0, SAD: 6C, ADD: 4B, DATA: D3,,,
59,59,WR-Reg, CHECK: O, PAGE: 0, SAD: 6C, ADD: 4C, DATA: F2,,,
60,60,WR-Reg, CHECK: O, PAGE: 0, SAD: 6C, ADD: 4D, DATA: 18,,,
61,61,WR-Reg, CHECK: O, PAGE: 0, SAD: 6C, ADD: 4E, DATA: DE,,,
62,62,WR-Reg, CHECK: O, PAGE: 0, SAD: 6C, ADD: 4F, DATA: 1B,,,
63,63,WR-Reg, CHECK: O, PAGE: 0, SAD: 6C, ADD: 50, DATA: 06,,,
64,64,WR-Reg, CHECK: O, PAGE: 0, SAD: 6C, ADD: 51, DATA: 35,,,
65,65,WR-Reg, CHECK: O, PAGE: 0, SAD: 6C, ADD: 52, DATA: 09,,,
66,66,WR-Reg, CHECK: O, PAGE: 0, SAD: 6C, ADD: 53, DATA: E0,,,
67,67,WR-Reg, CHECK: O, PAGE: 0, SAD: 6C, ADD: 54, DATA: E8,,,
68,68,WR-Reg, CHECK: O, PAGE: 0, SAD: 6C, ADD: 7D, DATA: FF,,,
69,69,WR-Reg, CHECK: O, PAGE: 0, SAD: 6C, ADD: 7E, DATA: 6B,,,
70,70,WR-Reg, CHECK: O, PAGE: 0, SAD: 6C, ADD: 7F, DATA: 80,,,
71,71,WR-Reg, CHECK: O, PAGE: 0, SAD: 6C, ADD: E3, DATA: 90,,,
72,72,WR-Reg, CHECK: O, PAGE: 0, SAD: 6C, ADD: EC, DATA: 08,,,
73,73,WR-Reg, CHECK: O, PAGE: 0, SAD: 6C, ADD: F0, DATA: 6C,,,
74,74,WR-Reg, CHECK: O, PAGE: 0, SAD: 6C, ADD: F1, DATA: 02,,,
75,75,WR-Reg, CHECK: O, PAGE: 0, SAD: 6C, ADD: FE, DATA: 01,,,
76,76,WR-Reg, CHECK: O, PAGE: 0, SAD: 6C, ADD: FF, DATA: 00,,,
77,77,WR-Reg, CHECK: O, PAGE: 0, SAD: 6C, ADD: FE, DATA: 02,,,
78,78,WR-Reg, CHECK: O, PAGE: 0, SAD: 6C, ADD: 00, DATA: 91,,,
79,79,WR-Reg, CHECK: O, PAGE: 0, SAD: 6C, ADD: 01, DATA: C2,,,
80,80,WR-Reg, CHECK: O, PAGE: 0, SAD: 6C, ADD: 02, DATA: A2,,,
81,81,WR-Reg, CHECK: O, PAGE: 0, SAD: 6C, ADD: 04, DATA: 88,,,
82,82,WR-Reg, CHECK: O, PAGE: 0, SAD: 6C, ADD: 05, DATA: E7,,,
83,83,WR-Reg, CHECK: O, PAGE: 0, SAD: 6C, ADD: 06, DATA: 11,,,
84,84,WR-Reg, CHECK: O, PAGE: 0, SAD: 6C, ADD: 07, DATA: 61,,,
85,85,WR-Reg, CHECK: O, PAGE: 0, SAD: 6C, ADD: 08, DATA: B7,,,
86,86,WR-Reg, CHECK: O, PAGE: 0, SAD: 6C, ADD: 09, DATA: 1E,,,
87,87,WR-Reg, CHECK: O, PAGE: 0, SAD: 6C, ADD: 0A, DATA: 41,,,
88,88,WR-Reg, CHECK: O, PAGE: 0, SAD: 6C, ADD: 0B, DATA: C6,,,
89,89,WR-Reg, CHECK: O, PAGE: 0, SAD: 6C, ADD: 0C, DATA: 74,,,
90,90,WR-Reg, CHECK: O, PAGE: 0, SAD: 6C, ADD: 0D, DATA: 58,,,
91,91,WR-Reg, CHECK: O, PAGE: 0, SAD: 6C, ADD: 0E, DATA: 9B,,,
92,92,WR-Reg, CHECK: O, PAGE: 0, SAD: 6C, ADD: 0F, DATA: 4D,,,
93,93,WR-Reg, CHECK: O, PAGE: 0, SAD: 6C, ADD: 10, DATA: 5C,,,
94,94,WR-Reg, CHECK: O, PAGE: 0, SAD: 6C, ADD: 11, DATA: 5B,,,
95,95,WR-Reg, CHECK: O, PAGE: 0, SAD: 6C, ADD: 12, DATA: 0F,,,
96,96,WR-Reg, CHECK: O, PAGE: 0, SAD: 6C, ADD: 13, DATA: BC,,,
97,97,WR-Reg, CHECK: O, PAGE: 0, SAD: 6C, ADD: 14, DATA: 13,,,
98,98,WR-Reg, CHECK: O, PAGE: 0, SAD: 6C, ADD: 15, DATA: EE,,,
99,99,WR-Reg, CHECK: O, PAGE: 0, SAD: 6C, ADD: 16, DATA: 3E,,,
100,100,WR-Reg, CHECK: O, PAGE: 0, SAD: 6C, ADD: 17, DATA: EE,,,
101,101,WR-Reg, CHECK: O, PAGE: 0, SAD: 6C, ADD: 18, DATA: C2,,,
102,102,WR-Reg, CHECK: O, PAGE: 0, SAD: 6C, ADD: 19, DATA: 51,,,
103,103,WR-Reg, CHECK: O, PAGE: 0, SAD: 6C, ADD: 1A, DATA: C0,,,
104,104,WR-Reg, CHECK: O, PAGE: 0, SAD: 6C, ADD: 1B, DATA: E2,,,
105,105,WR-Reg, CHECK: O, PAGE: 0, SAD: 6C, ADD: 1C, DATA: 80,,,
106,106,WR-Reg, CHECK: O, PAGE: 0, SAD: 6C, ADD: 1D, DATA: 33,,,
107,107,WR-Reg, CHECK: O, PAGE: 0, SAD: 6C, ADD: 1E, DATA: E2,,,
108,108,WR-Reg, CHECK: O, PAGE: 0, SAD: 6C, ADD: 1F, DATA: 59,,,
109,109,WR-Reg, CHECK: O, PAGE: 0, SAD: 6C, ADD: 20, DATA: 14,,,
110,110,WR-Reg, CHECK: O, PAGE: 0, SAD: 6C, ADD: 21, DATA: 4C,,,
111,111,WR-Reg, CHECK: O, PAGE: 0, SAD: 6C, ADD: 22, DATA: 05,,,
112,112,WR-Reg, CHECK: O, PAGE: 0, SAD: 6C, ADD: 24, DATA: D9,,,
113,113,WR-Reg, CHECK: O, PAGE: 0, SAD: 6C, ADD: 25, DATA: C3,,,
114,114,WR-Reg, CHECK: O, PAGE: 0, SAD: 6C, ADD: 26, DATA: CE,,,
115,115,WR-Reg, CHECK: O, PAGE: 0, SAD: 6C, ADD: 27, DATA: 5B,,,
116,116,WR-Reg, CHECK: O, PAGE: 0, SAD: 6C, ADD: 28, DATA: 84,,,
117,117,WR-Reg, CHECK: O, PAGE: 0, SAD: 6C, ADD: 29, DATA: FF,,,
118,118,WR-Reg, CHECK: O, PAGE: 0, SAD: 6C, ADD: 2A, DATA: 7E,,,
119,119,WR-Reg, CHECK: O, PAGE: 0, SAD: 6C, ADD: 2B, DATA: 2A,,,
120,120,WR-Reg, CHECK: O, PAGE: 0, SAD: 6C, ADD: 2C, DATA: 5F,,,
121,121,WR-Reg, CHECK: O, PAGE: 0, SAD: 6C, ADD: 2D, DATA: A3,,,
122,122,WR-Reg, CHECK: O, PAGE: 0, SAD: 6C, ADD: 2E, DATA: 2B,,,
123,123,WR-Reg, CHECK: O, PAGE: 0, SAD: 6C, ADD: 2F, DATA: FB,,,
124,124,WR-Reg, CHECK: O, PAGE: 0, SAD: 6C, ADD: 30, DATA: 51,,,
125,125,WR-Reg, CHECK: O, PAGE: 0, SAD: 6C, ADD: 31, DATA: 7B,,,
126,126,WR-Reg, CHECK: O, PAGE: 0, SAD: 6C, ADD: 32, DATA: E7,,,
127,127,WR-Reg, CHECK: O, PAGE: 0, SAD: 6C, ADD: 33, DATA: AC,,,
128,128,WR-Reg, CHECK: O, PAGE: 0, SAD: 6C, ADD: 34, DATA: 28,,,
129,129,WR-Reg, CHECK: O, PAGE: 0, SAD: 6C, ADD: 35, DATA: 36,,,
130,130,WR-Reg, CHECK: O, PAGE: 0, SAD: 6C, ADD: 36, DATA: 18,,,
131,131,WR-Reg, CHECK: O, PAGE: 0, SAD: 6C, ADD: 37, DATA: D8,,,
132,132,WR-Reg, CHECK: O, PAGE: 0, SAD: 6C, ADD: 38, DATA: 3B,,,
133,133,WR-Reg, CHECK: O, PAGE: 0, SAD: 6C, ADD: 39, DATA: 40,,,
134,134,WR-Reg, CHECK: O, PAGE: 0, SAD: 6C, ADD: 3A, DATA: 96,,,
135,135,WR-Reg, CHECK: O, PAGE: 0, SAD: 6C, ADD: 3B, DATA: 25,,,
136,136,WR-Reg, CHECK: O, PAGE: 0, SAD: 6C, ADD: 3C, DATA: 44,,,
137,137,WR-Reg, CHECK: O, PAGE: 0, SAD: 6C, ADD: 3D, DATA: A5,,,
138,138,WR-Reg, CHECK: O, PAGE: 0, SAD: 6C, ADD: 3E, DATA: 64,,,
139,139,WR-Reg, CHECK: O, PAGE: 0, SAD: 6C, ADD: 3F, DATA: 74,,,
140,140,WR-Reg, CHECK: O, PAGE: 0, SAD: 6C, ADD: 40, DATA: F5,,,
141,141,WR-Reg, CHECK: O, PAGE: 0, SAD: 6C, ADD: 41, DATA: ED,,,
142,142,WR-Reg, CHECK: O, PAGE: 0, SAD: 6C, ADD: 42, DATA: B1,,,
143,143,WR-Reg, CHECK: O, PAGE: 0, SAD: 6C, ADD: 43, DATA: 65,,,
144,144,WR-Reg, CHECK: O, PAGE: 0, SAD: 6C, ADD: 44, DATA: A1,,,
145,145,WR-Reg, CHECK: O, PAGE: 0, SAD: 6C, ADD: 45, DATA: E1,,,
146,146,WR-Reg, CHECK: O, PAGE: 0, SAD: 6C, ADD: 46, DATA: 4D,,,
147,147,WR-Reg, CHECK: O, PAGE: 0, SAD: 6C, ADD: 47, DATA: BD,,,
148,148,WR-Reg, CHECK: O, PAGE: 0, SAD: 6C, ADD: 48, DATA: DC,,,
149,149,WR-Reg, CHECK: O, PAGE: 0, SAD: 6C, ADD: 49, DATA: 58,,,
150,150,WR-Reg, CHECK: O, PAGE: 0, SAD: 6C, ADD: 4A, DATA: 32,,,
151,151,WR-Reg, CHECK: O, PAGE: 0, SAD: 6C, ADD: 4B, DATA: 0C,,,
152,152,WR-Reg, CHECK: O, PAGE: 0, SAD: 6C, ADD: 4C, DATA: 2F,,,
153,153,WR-Reg, CHECK: O, PAGE: 0, SAD: 6C, ADD: 4D, DATA: 93,,,
154,154,WR-Reg, CHECK: O, PAGE: 0, SAD: 6C, ADD: 4E, DATA: 60,,,
155,155,WR-Reg, CHECK: O, PAGE: 0, SAD: 6C, ADD: 4F, DATA: 0F,,,
156,156,WR-Reg, CHECK: O, PAGE: 0, SAD: 6C, ADD: 50, DATA: 89,,,
157,157,WR-Reg, CHECK: O, PAGE: 0, SAD: 6C, ADD: 51, DATA: D3,,,
158,158,WR-Reg, CHECK: O, PAGE: 0, SAD: 6C, ADD: 52, DATA: 14,,,
159,159,WR-Reg, CHECK: O, PAGE: 0, SAD: 6C, ADD: 53, DATA: 51,,,
160,160,WR-Reg, CHECK: O, PAGE: 0, SAD: 6C, ADD: 54, DATA: DC,,,
161,161,WR-Reg, CHECK: O, PAGE: 0, SAD: 6C, ADD: 55, DATA: 7F,,,
162,162,WR-Reg, CHECK: O, PAGE: 0, SAD: 6C, ADD: 56, DATA: 7C,,,
163,163,WR-Reg, CHECK: O, PAGE: 0, SAD: 6C, ADD: 57, DATA: BF,,,
164,164,WR-Reg, CHECK: O, PAGE: 0, SAD: 6C, ADD: 58, DATA: 63,,,
165,165,WR-Reg, CHECK: O, PAGE: 0, SAD: 6C, ADD: 59, DATA: FA,,,
166,166,WR-Reg, CHECK: O, PAGE: 0, SAD: 6C, ADD: 5A, DATA: 1E,,,
167,167,WR-Reg, CHECK: O, PAGE: 0, SAD: 6C, ADD: 5B, DATA: 17,,,
168,168,WR-Reg, CHECK: O, PAGE: 0, SAD: 6C, ADD: 5C, DATA: D5,,,
169,169,WR-Reg, CHECK: O, PAGE: 0, SAD: 6C, ADD: 5D, DATA: 4F,,,
170,170,WR-Reg, CHECK: O, PAGE: 0, SAD: 6C, ADD: 5E, DATA: 77,,,
171,171,WR-Reg, CHECK: O, PAGE: 0, SAD: 6C, ADD: 5F, DATA: F2,,,
172,172,WR-Reg, CHECK: O, PAGE: 0, SAD: 6C, ADD: 60, DATA: 40,,,
173,173,WR-Reg, CHECK: O, PAGE: 0, SAD: 6C, ADD: FE, DATA: 02,,,
174,174,WR-Reg, CHECK: O, PAGE: 0, SAD: 6C, ADD: FF, DATA: F0,,,
175,175,WR-Reg, CHECK: O, PAGE: 0, SAD: 6C, ADD: FE, DATA: 01,,,
176,176,WR-Reg, CHECK: O, PAGE: 0, SAD: 6C, ADD: 40, DATA: 00,,,
177,177,WR-Reg, CHECK: O, PAGE: 0, SAD: 6C, ADD: 41, DATA: 00,,,
178,178,WR-Reg, CHECK: O, PAGE: 0, SAD: 6C, ADD: 42, DATA: 36,,,
179,179,WR-Reg, CHECK: O, PAGE: 0, SAD: 6C, ADD: 43, DATA: F6,,,
180,180,WR-Reg, CHECK: O, PAGE: 0, SAD: 6C, ADD: 44, DATA: A4,,,
181,181,WR-Reg, CHECK: O, PAGE: 0, SAD: 6C, ADD: 45, DATA: 00,,,
182,182,WR-Reg, CHECK: O, PAGE: 0, SAD: 6C, ADD: 46, DATA: 36,,,
183,183,WR-Reg, CHECK: O, PAGE: 0, SAD: 6C, ADD: 47, DATA: F6,,,
184,184,WR-Reg, CHECK: O, PAGE: 0, SAD: 6C, ADD: 48, DATA: A4,,,
185,185,WR-Reg, CHECK: O, PAGE: 0, SAD: 6C, ADD: 49, DATA: 00,,,
186,186,WR-Reg, CHECK: O, PAGE: 0, SAD: 6C, ADD: 4A, DATA: 00,,,
187,187,WR-Reg, CHECK: O, PAGE: 0, SAD: 6C, ADD: 4B, DATA: 00,,,
188,188,WR-Reg, CHECK: O, PAGE: 0, SAD: 6C, ADD: 4C, DATA: 00,,,
189,189,WR-Reg, CHECK: O, PAGE: 0, SAD: 6C, ADD: 4D, DATA: 0F,,,
190,190,WR-Reg, CHECK: O, PAGE: 0, SAD: 6C, ADD: 4E, DATA: 92,,,
191,191,WR-Reg, CHECK: O, PAGE: 0, SAD: 6C, ADD: 4F, DATA: 12,,,
192,192,WR-Reg, CHECK: O, PAGE: 0, SAD: 6C, ADD: 50, DATA: B6,,,
193,193,WR-Reg, CHECK: O, PAGE: 0, SAD: 6C, ADD: 51, DATA: 00,,,
194,194,WR-Reg, CHECK: O, PAGE: 0, SAD: 6C, ADD: 52, DATA: 00,,,
195,195,WR-Reg, CHECK: O, PAGE: 0, SAD: 6C, ADD: 53, DATA: 00,,,
196,196,WR-Reg, CHECK: O, PAGE: 0, SAD: 6C, ADD: 54, DATA: 00,,,
197,197,WR-Reg, CHECK: O, PAGE: 0, SAD: 6C, ADD: 55, DATA: 01,,,
198,198,WR-Reg, CHECK: O, PAGE: 0, SAD: 6C, ADD: 40, DATA: 01,,,
199,199,WR-Reg, CHECK: O, PAGE: 0, SAD: 6C, ADD: 41, DATA: 13,,,
200,200,WR-Reg, CHECK: O, PAGE: 0, SAD: 6C, ADD: 42, DATA: 5F,,,
201,201,WR-Reg, CHECK: O, PAGE: 0, SAD: 6C, ADD: 43, DATA: 4B,,,
202,202,WR-Reg, CHECK: O, PAGE: 0, SAD: 6C, ADD: 44, DATA: 26,,,
203,203,WR-Reg, CHECK: O, PAGE: 0, SAD: 6C, ADD: 45, DATA: 27,,,
204,204,WR-Reg, CHECK: O, PAGE: 0, SAD: 6C, ADD: 46, DATA: 21,,,
205,205,WR-Reg, CHECK: O, PAGE: 0, SAD: 6C, ADD: 47, DATA: E4,,,
206,206,WR-Reg, CHECK: O, PAGE: 0, SAD: 6C, ADD: 48, DATA: FA,,,
207,207,WR-Reg, CHECK: O, PAGE: 0, SAD: 6C, ADD: 49, DATA: 07,,,
208,208,WR-Reg, CHECK: O, PAGE: 0, SAD: 6C, ADD: 4A, DATA: 96,,,
209,209,WR-Reg, CHECK: O, PAGE: 0, SAD: 6C, ADD: 4B, DATA: D3,,,
210,210,WR-Reg, CHECK: O, PAGE: 0, SAD: 6C, ADD: 4C, DATA: F2,,,
211,211,WR-Reg, CHECK: O, PAGE: 0, SAD: 6C, ADD: 4D, DATA: 18,,,
212,212,WR-Reg, CHECK: O, PAGE: 0, SAD: 6C, ADD: 4E, DATA: DE,,,
213,213,WR-Reg, CHECK: O, PAGE: 0, SAD: 6C, ADD: 4F, DATA: 1B,,,
214,214,WR-Reg, CHECK: O, PAGE: 0, SAD: 6C, ADD: 50, DATA: 06,,,
215,215,WR-Reg, CHECK: O, PAGE: 0, SAD: 6C, ADD: 51, DATA: 35,,,
216,216,WR-Reg, CHECK: O, PAGE: 0, SAD: 6C, ADD: 52, DATA: 09,,,
217,217,WR-Reg, CHECK: O, PAGE: 0, SAD: 6C, ADD: 53, DATA: E0,,,
218,218,WR-Reg, CHECK: O, PAGE: 0, SAD: 6C, ADD: 54, DATA: E8,,,
219,219,WR-Reg, CHECK: O, PAGE: 0, SAD: 6C, ADD: 55, DATA: 01,,,
220,220,WR-Reg, CHECK: O, PAGE: 0, SAD: 6C, ADD: 40, DATA: 02,,,
221,221,WR-Reg, CHECK: O, PAGE: 0, SAD: 6C, ADD: 41, DATA: 10,,,
222,222,WR-Reg, CHECK: O, PAGE: 0, SAD: 6C, ADD: 42, DATA: 00,,,
223,223,WR-Reg, CHECK: O, PAGE: 0, SAD: 6C, ADD: 43, DATA: 00,,,
224,224,WR-Reg, CHECK: O, PAGE: 0, SAD: 6C, ADD: 44, DATA: 00,,,
225,225,WR-Reg, CHECK: O, PAGE: 0, SAD: 6C, ADD: 45, DATA: 08,,,
226,226,WR-Reg, CHECK: O, PAGE: 0, SAD: 6C, ADD: 46, DATA: 5E,,,
227,227,WR-Reg, CHECK: O, PAGE: 0, SAD: 6C, ADD: 47, DATA: E6,,,
228,228,WR-Reg, CHECK: O, PAGE: 0, SAD: 6C, ADD: 48, DATA: 90,,,
229,229,WR-Reg, CHECK: O, PAGE: 0, SAD: 6C, ADD: 49, DATA: 0F,,,
230,230,WR-Reg, CHECK: O, PAGE: 0, SAD: 6C, ADD: 4A, DATA: 9F,,,
231,231,WR-Reg, CHECK: O, PAGE: 0, SAD: 6C, ADD: 4B, DATA: A8,,,
232,232,WR-Reg, CHECK: O, PAGE: 0, SAD: 6C, ADD: 4C, DATA: 54,,,
233,233,WR-Reg, CHECK: O, PAGE: 0, SAD: 6C, ADD: 4D, DATA: 1A,,,
234,234,WR-Reg, CHECK: O, PAGE: 0, SAD: 6C, ADD: 4E, DATA: 90,,,
235,235,WR-Reg, CHECK: O, PAGE: 0, SAD: 6C, ADD: 4F, DATA: 9A,,,
236,236,WR-Reg, CHECK: O, PAGE: 0, SAD: 6C, ADD: 50, DATA: AA,,,
237,237,WR-Reg, CHECK: O, PAGE: 0, SAD: 6C, ADD: 51, DATA: 34,,,
238,238,WR-Reg, CHECK: O, PAGE: 0, SAD: 6C, ADD: 52, DATA: FB,,,
239,239,WR-Reg, CHECK: O, PAGE: 0, SAD: 6C, ADD: 53, DATA: 08,,,
240,240,WR-Reg, CHECK: O, PAGE: 0, SAD: 6C, ADD: 54, DATA: BE,,,
241,241,WR-Reg, CHECK: O, PAGE: 0, SAD: 6C, ADD: 55, DATA: 01,,,
242,242,WR-Reg, CHECK: O, PAGE: 0, SAD: 6C, ADD: 40, DATA: 03,,,
243,243,WR-Reg, CHECK: O, PAGE: 0, SAD: 6C, ADD: 41, DATA: 10,,,
244,244,WR-Reg, CHECK: O, PAGE: 0, SAD: 6C, ADD: 42, DATA: 00,,,
245,245,WR-Reg, CHECK: O, PAGE: 0, SAD: 6C, ADD: 43, DATA: 00,,,
246,246,WR-Reg, CHECK: O, PAGE: 0, SAD: 6C, ADD: 44, DATA: 00,,,
247,247,WR-Reg, CHECK: O, PAGE: 0, SAD: 6C, ADD: 45, DATA: 00,,,
248,248,WR-Reg, CHECK: O, PAGE: 0, SAD: 6C, ADD: 46, DATA: 00,,,
249,249,WR-Reg, CHECK: O, PAGE: 0, SAD: 6C, ADD: 47, DATA: 00,,,
250,250,WR-Reg, CHECK: O, PAGE: 0, SAD: 6C, ADD: 48, DATA: 00,,,
251,251,WR-Reg, CHECK: O, PAGE: 0, SAD: 6C, ADD: 49, DATA: 00,,,
252,252,WR-Reg, CHECK: O, PAGE: 0, SAD: 6C, ADD: 4A, DATA: 00,,,
253,253,WR-Reg, CHECK: O, PAGE: 0, SAD: 6C, ADD: 4B, DATA: 00,,,
254,254,WR-Reg, CHECK: O, PAGE: 0, SAD: 6C, ADD: 4C, DATA: 00,,,
255,255,WR-Reg, CHECK: O, PAGE: 0, SAD: 6C, ADD: 4D, DATA: 00,,,
256,256,WR-Reg, CHECK: O, PAGE: 0, SAD: 6C, ADD: 4E, DATA: 00,,,
257,257,WR-Reg, CHECK: O, PAGE: 0, SAD: 6C, ADD: 4F, DATA: 00,,,
258,258,WR-Reg, CHECK: O, PAGE: 0, SAD: 6C, ADD: 50, DATA: 00,,,
259,259,WR-Reg, CHECK: O, PAGE: 0, SAD: 6C, ADD: 51, DATA: 00,,,
260,260,WR-Reg, CHECK: O, PAGE: 0, SAD: 6C, ADD: 52, DATA: 00,,,
261,261,WR-Reg, CHECK: O, PAGE: 0, SAD: 6C, ADD: 53, DATA: 00,,,
262,262,WR-Reg, CHECK: O, PAGE: 0, SAD: 6C, ADD: 54, DATA: 00,,,
263,263,WR-Reg, CHECK: O, PAGE: 0, SAD: 6C, ADD: 55, DATA: 01,,,
264,264,WR-Reg, CHECK: O, PAGE: 0, SAD: 6C, ADD: 40, DATA: 04,,,
265,265,WR-Reg, CHECK: O, PAGE: 0, SAD: 6C, ADD: 41, DATA: 10,,,
266,266,WR-Reg, CHECK: O, PAGE: 0, SAD: 6C, ADD: 42, DATA: 00,,,
267,267,WR-Reg, CHECK: O, PAGE: 0, SAD: 6C, ADD: 43, DATA: 00,,,
268,268,WR-Reg, CHECK: O, PAGE: 0, SAD: 6C, ADD: 44, DATA: 00,,,
269,269,WR-Reg, CHECK: O, PAGE: 0, SAD: 6C, ADD: 45, DATA: 00,,,
270,270,WR-Reg, CHECK: O, PAGE: 0, SAD: 6C, ADD: 46, DATA: 00,,,
271,271,WR-Reg, CHECK: O, PAGE: 0, SAD: 6C, ADD: 47, DATA: 00,,,
272,272,WR-Reg, CHECK: O, PAGE: 0, SAD: 6C, ADD: 48, DATA: 00,,,
273,273,WR-Reg, CHECK: O, PAGE: 0, SAD: 6C, ADD: 49, DATA: 00,,,
274,274,WR-Reg, CHECK: O, PAGE: 0, SAD: 6C, ADD: 4A, DATA: 00,,,
275,275,WR-Reg, CHECK: O, PAGE: 0, SAD: 6C, ADD: 4B, DATA: 00,,,
276,276,WR-Reg, CHECK: O, PAGE: 0, SAD: 6C, ADD: 4C, DATA: 00,,,
277,277,WR-Reg, CHECK: O, PAGE: 0, SAD: 6C, ADD: 4D, DATA: 00,,,
278,278,WR-Reg, CHECK: O, PAGE: 0, SAD: 6C, ADD: 4E, DATA: 00,,,
279,279,WR-Reg, CHECK: O, PAGE: 0, SAD: 6C, ADD: 4F, DATA: 00,,,
280,280,WR-Reg, CHECK: O, PAGE: 0, SAD: 6C, ADD: 50, DATA: 00,,,
281,281,WR-Reg, CHECK: O, PAGE: 0, SAD: 6C, ADD: 51, DATA: 00,,,
282,282,WR-Reg, CHECK: O, PAGE: 0, SAD: 6C, ADD: 52, DATA: 00,,,
283,283,WR-Reg, CHECK: O, PAGE: 0, SAD: 6C, ADD: 53, DATA: 00,,,
284,284,WR-Reg, CHECK: O, PAGE: 0, SAD: 6C, ADD: 54, DATA: 00,,,
285,285,WR-Reg, CHECK: O, PAGE: 0, SAD: 6C, ADD: 55, DATA: 01,,,
286,286,WR-Reg, CHECK: O, PAGE: 0, SAD: 6C, ADD: 40, DATA: 00,,,
287,287,WR-Reg, CHECK: O, PAGE: 0, SAD: 6C, ADD: 41, DATA: 00,,,
288,288,WR-Reg, CHECK: O, PAGE: 0, SAD: 6C, ADD: 42, DATA: 36,,,
289,289,WR-Reg, CHECK: O, PAGE: 0, SAD: 6C, ADD: 43, DATA: F6,,,
290,290,WR-Reg, CHECK: O, PAGE: 0, SAD: 6C, ADD: 44, DATA: A4,,,
291,291,WR-Reg, CHECK: O, PAGE: 0, SAD: 6C, ADD: 45, DATA: 00,,,
292,292,WR-Reg, CHECK: O, PAGE: 0, SAD: 6C, ADD: 46, DATA: 36,,,
293,293,WR-Reg, CHECK: O, PAGE: 0, SAD: 6C, ADD: 47, DATA: F6,,,
294,294,WR-Reg, CHECK: O, PAGE: 0, SAD: 6C, ADD: 48, DATA: A4,,,
295,295,WR-Reg, CHECK: O, PAGE: 0, SAD: 6C, ADD: 49, DATA: 00,,,
296,296,WR-Reg, CHECK: O, PAGE: 0, SAD: 6C, ADD: 4A, DATA: 00,,,
297,297,WR-Reg, CHECK: O, PAGE: 0, SAD: 6C, ADD: 4B, DATA: 00,,,
298,298,WR-Reg, CHECK: O, PAGE: 0, SAD: 6C, ADD: 4C, DATA: 00,,,
299,299,WR-Reg, CHECK: O, PAGE: 0, SAD: 6C, ADD: 4D, DATA: 0F,,,
300,300,WR-Reg, CHECK: O, PAGE: 0, SAD: 6C, ADD: 4E, DATA: 92,,,
301,301,WR-Reg, CHECK: O, PAGE: 0, SAD: 6C, ADD: 4F, DATA: 12,,,
302,302,WR-Reg, CHECK: O, PAGE: 0, SAD: 6C, ADD: 50, DATA: B6,,,
303,303,WR-Reg, CHECK: O, PAGE: 0, SAD: 6C, ADD: 51, DATA: 00,,,
304,304,WR-Reg, CHECK: O, PAGE: 0, SAD: 6C, ADD: 52, DATA: 00,,,
305,305,WR-Reg, CHECK: O, PAGE: 0, SAD: 6C, ADD: 53, DATA: 00,,,
306,306,WR-Reg, CHECK: O, PAGE: 0, SAD: 6C, ADD: 54, DATA: 00,,,
307,307,WR-Reg, CHECK: O, PAGE: 0, SAD: 6C, ADD: 55, DATA: 01,,,
308,308,WR-Reg, CHECK: O, PAGE: 0, SAD: 6C, ADD: 40, DATA: 01,,,
309,309,WR-Reg, CHECK: O, PAGE: 0, SAD: 6C, ADD: 41, DATA: 13,,,
310,310,WR-Reg, CHECK: O, PAGE: 0, SAD: 6C, ADD: 42, DATA: 5F,,,
311,311,WR-Reg, CHECK: O, PAGE: 0, SAD: 6C, ADD: 43, DATA: 4B,,,
312,312,WR-Reg, CHECK: O, PAGE: 0, SAD: 6C, ADD: 44, DATA: 26,,,
313,313,WR-Reg, CHECK: O, PAGE: 0, SAD: 6C, ADD: 45, DATA: 27,,,
314,314,WR-Reg, CHECK: O, PAGE: 0, SAD: 6C, ADD: 46, DATA: 21,,,
315,315,WR-Reg, CHECK: O, PAGE: 0, SAD: 6C, ADD: 47, DATA: E4,,,
316,316,WR-Reg, CHECK: O, PAGE: 0, SAD: 6C, ADD: 48, DATA: FA,,,
317,317,WR-Reg, CHECK: O, PAGE: 0, SAD: 6C, ADD: 49, DATA: 07,,,
318,318,WR-Reg, CHECK: O, PAGE: 0, SAD: 6C, ADD: 4A, DATA: 96,,,
319,319,WR-Reg, CHECK: O, PAGE: 0, SAD: 6C, ADD: 4B, DATA: D3,,,
320,320,WR-Reg, CHECK: O, PAGE: 0, SAD: 6C, ADD: 4C, DATA: F2,,,
321,321,WR-Reg, CHECK: O, PAGE: 0, SAD: 6C, ADD: 4D, DATA: 18,,,
322,322,WR-Reg, CHECK: O, PAGE: 0, SAD: 6C, ADD: 4E, DATA: DE,,,
323,323,WR-Reg, CHECK: O, PAGE: 0, SAD: 6C, ADD: 4F, DATA: 1B,,,
324,324,WR-Reg, CHECK: O, PAGE: 0, SAD: 6C, ADD: 50, DATA: 06,,,
325,325,WR-Reg, CHECK: O, PAGE: 0, SAD: 6C, ADD: 51, DATA: 35,,,
326,326,WR-Reg, CHECK: O, PAGE: 0, SAD: 6C, ADD: 52, DATA: 09,,,
327,327,WR-Reg, CHECK: O, PAGE: 0, SAD: 6C, ADD: 53, DATA: E0,,,
328,328,WR-Reg, CHECK: O, PAGE: 0, SAD: 6C, ADD: 54, DATA: E8,,,
329,329,WR-Reg, CHECK: O, PAGE: 0, SAD: 6C, ADD: 55, DATA: 01,,,
330,330,WR-Reg, CHECK: O, PAGE: 0, SAD: 6C, ADD: 40, DATA: 02,,,
331,331,WR-Reg, CHECK: O, PAGE: 0, SAD: 6C, ADD: 41, DATA: 10,,,
332,332,WR-Reg, CHECK: O, PAGE: 0, SAD: 6C, ADD: 42, DATA: 00,,,
333,333,WR-Reg, CHECK: O, PAGE: 0, SAD: 6C, ADD: 43, DATA: 00,,,
334,334,WR-Reg, CHECK: O, PAGE: 0, SAD: 6C, ADD: 44, DATA: 00,,,
335,335,WR-Reg, CHECK: O, PAGE: 0, SAD: 6C, ADD: 45, DATA: 08,,,
336,336,WR-Reg, CHECK: O, PAGE: 0, SAD: 6C, ADD: 46, DATA: 5E,,,
337,337,WR-Reg, CHECK: O, PAGE: 0, SAD: 6C, ADD: 47, DATA: E6,,,
338,338,WR-Reg, CHECK: O, PAGE: 0, SAD: 6C, ADD: 48, DATA: 90,,,
339,339,WR-Reg, CHECK: O, PAGE: 0, SAD: 6C, ADD: 49, DATA: 0F,,,
340,340,WR-Reg, CHECK: O, PAGE: 0, SAD: 6C, ADD: 4A, DATA: 9F,,,
341,341,WR-Reg, CHECK: O, PAGE: 0, SAD: 6C, ADD: 4B, DATA: A8,,,
342,342,WR-Reg, CHECK: O, PAGE: 0, SAD: 6C, ADD: 4C, DATA: 54,,,
343,343,WR-Reg, CHECK: O, PAGE: 0, SAD: 6C, ADD: 4D, DATA: 1A,,,
344,344,WR-Reg, CHECK: O, PAGE: 0, SAD: 6C, ADD: 4E, DATA: 90,,,
345,345,WR-Reg, CHECK: O, PAGE: 0, SAD: 6C, ADD: 4F, DATA: 9A,,,
346,346,WR-Reg, CHECK: O, PAGE: 0, SAD: 6C, ADD: 50, DATA: AA,,,
347,347,WR-Reg, CHECK: O, PAGE: 0, SAD: 6C, ADD: 51, DATA: 34,,,
348,348,WR-Reg, CHECK: O, PAGE: 0, SAD: 6C, ADD: 52, DATA: FB,,,
349,349,WR-Reg, CHECK: O, PAGE: 0, SAD: 6C, ADD: 53, DATA: 08,,,
350,350,WR-Reg, CHECK: O, PAGE: 0, SAD: 6C, ADD: 54, DATA: BE,,,
351,351,WR-Reg, CHECK: O, PAGE: 0, SAD: 6C, ADD: 55, DATA: 01,,,
352,352,WR-Reg, CHECK: O, PAGE: 0, SAD: 6C, ADD: 40, DATA: 03,,,
353,353,WR-Reg, CHECK: O, PAGE: 0, SAD: 6C, ADD: 41, DATA: 10,,,
354,354,WR-Reg, CHECK: O, PAGE: 0, SAD: 6C, ADD: 42, DATA: 00,,,
355,355,WR-Reg, CHECK: O, PAGE: 0, SAD: 6C, ADD: 43, DATA: 00,,,
356,356,WR-Reg, CHECK: O, PAGE: 0, SAD: 6C, ADD: 44, DATA: 00,,,
357,357,WR-Reg, CHECK: O, PAGE: 0, SAD: 6C, ADD: 45, DATA: 00,,,
358,358,WR-Reg, CHECK: O, PAGE: 0, SAD: 6C, ADD: 46, DATA: 00,,,
359,359,WR-Reg, CHECK: O, PAGE: 0, SAD: 6C, ADD: 47, DATA: 00,,,
360,360,WR-Reg, CHECK: O, PAGE: 0, SAD: 6C, ADD: 48, DATA: 00,,,
361,361,WR-Reg, CHECK: O, PAGE: 0, SAD: 6C, ADD: 49, DATA: 00,,,
362,362,WR-Reg, CHECK: O, PAGE: 0, SAD: 6C, ADD: 4A, DATA: 00,,,
363,363,WR-Reg, CHECK: O, PAGE: 0, SAD: 6C, ADD: 4B, DATA: 00,,,
364,364,WR-Reg, CHECK: O, PAGE: 0, SAD: 6C, ADD: 4C, DATA: 00,,,
365,365,WR-Reg, CHECK: O, PAGE: 0, SAD: 6C, ADD: 4D, DATA: 00,,,
366,366,WR-Reg, CHECK: O, PAGE: 0, SAD: 6C, ADD: 4E, DATA: 00,,,
367,367,WR-Reg, CHECK: O, PAGE: 0, SAD: 6C, ADD: 4F, DATA: 00,,,
368,368,WR-Reg, CHECK: O, PAGE: 0, SAD: 6C, ADD: 50, DATA: 00,,,
369,369,WR-Reg, CHECK: O, PAGE: 0, SAD: 6C, ADD: 51, DATA: 00,,,
370,370,WR-Reg, CHECK: O, PAGE: 0, SAD: 6C, ADD: 52, DATA: 00,,,
371,371,WR-Reg, CHECK: O, PAGE: 0, SAD: 6C, ADD: 53, DATA: 00,,,
372,372,WR-Reg, CHECK: O, PAGE: 0, SAD: 6C, ADD: 54, DATA: 00,,,
373,373,WR-Reg, CHECK: O, PAGE: 0, SAD: 6C, ADD: 55, DATA: 01,,,
374,374,WR-Reg, CHECK: O, PAGE: 0, SAD: 6C, ADD: 40, DATA: 04,,,
375,375,WR-Reg, CHECK: O, PAGE: 0, SAD: 6C, ADD: 41, DATA: 10,,,
376,376,WR-Reg, CHECK: O, PAGE: 0, SAD: 6C, ADD: 42, DATA: 00,,,
377,377,WR-Reg, CHECK: O, PAGE: 0, SAD: 6C, ADD: 43, DATA: 00,,,
378,378,WR-Reg, CHECK: O, PAGE: 0, SAD: 6C, ADD: 44, DATA: 00,,,
379,379,WR-Reg, CHECK: O, PAGE: 0, SAD: 6C, ADD: 45, DATA: 00,,,
380,380,WR-Reg, CHECK: O, PAGE: 0, SAD: 6C, ADD: 46, DATA: 00,,,
381,381,WR-Reg, CHECK: O, PAGE: 0, SAD: 6C, ADD: 47, DATA: 00,,,
382,382,WR-Reg, CHECK: O, PAGE: 0, SAD: 6C, ADD: 48, DATA: 00,,,
383,383,WR-Reg, CHECK: O, PAGE: 0, SAD: 6C, ADD: 49, DATA: 00,,,
384,384,WR-Reg, CHECK: O, PAGE: 0, SAD: 6C, ADD: 4A, DATA: 00,,,
385,385,WR-Reg, CHECK: O, PAGE: 0, SAD: 6C, ADD: 4B, DATA: 00,,,
386,386,WR-Reg, CHECK: O, PAGE: 0, SAD: 6C, ADD: 4C, DATA: 00,,,
387,387,WR-Reg, CHECK: O, PAGE: 0, SAD: 6C, ADD: 4D, DATA: 00,,,
388,388,WR-Reg, CHECK: O, PAGE: 0, SAD: 6C, ADD: 4E, DATA: 00,,,
389,389,WR-Reg, CHECK: O, PAGE: 0, SAD: 6C, ADD: 4F, DATA: 00,,,
390,390,WR-Reg, CHECK: O, PAGE: 0, SAD: 6C, ADD: 50, DATA: 00,,,
391,391,WR-Reg, CHECK: O, PAGE: 0, SAD: 6C, ADD: 51, DATA: 00,,,
392,392,WR-Reg, CHECK: O, PAGE: 0, SAD: 6C, ADD: 52, DATA: 00,,,
393,393,WR-Reg, CHECK: O, PAGE: 0, SAD: 6C, ADD: 53, DATA: 00,,,
394,394,WR-Reg, CHECK: O, PAGE: 0, SAD: 6C, ADD: 54, DATA: 00,,,
395,395,WR-Reg, CHECK: O, PAGE: 0, SAD: 6C, ADD: 55, DATA: 01,,,
396,396,WR-Reg, CHECK: O, PAGE: 0, SAD: 6C, ADD: FE, DATA: 00,,,
397,397,WR-Reg, CHECK: O, PAGE: 0, SAD: 6C, ADD: 19, DATA: 01,,,
